Name,Kilometer
ydv,436.78999999999996
Jonas,444.13000000000005
