Name,Kilometer
Florian,40.019999999999996
Eric,128.09
fga,222.36
Florian,258.51
Florian,258.51
sdfsdf,306.25
asd,320.5
sfg,345.06999999999994
fga,390.53999999999996
asd,422.34000000000003
